cluster_id,GeneFamily,OddsRatio_Fisher,PValue_Fisher,Rank_Fisher,BH_Adjusted_PValue_Fisher,Significant_Fisher,OddsRatio_Poisson,PValue_Poisson,Rank_Poisson,BH_Adjusted_PValue_Poisson,Significant_Poisson,type,annotation,length,selective pressure (low = purifying),codon bias,representation,count,% id,links,g0000,g0001,g0002,g0003,g0004,g0006,g0007,g0008,g0009,g0010,g0011,g0012,g0013,g0014,g0015,g0016,g0017,g0018,g0019,g0020,g0021,g0022,g0023,g0024,g0025,g0026,g0027,g0028,g0029,g0030,g0031,g0032,g0033,g0034,g0035,g0036,g0037,g0038,g0039,g0040,g0041,g0042,g0043,g0044,g0051,g0053,g0054,g0055,g0056,g0057,g0058,g0059,g0061,g0062,g0063,g0064,g990065,g990066,g990067,g990068,g990069,g990070,g990071,g990072,g990073,g990074,g990075,g990076,g990077,g990078,g990079,g990080,g990081,g990082,g0000.1,g0001.1,g0002.1,g0003.1,g0004.1,g0006.1,g0007.1,g0008.1,g0009.1,g0010.1,g0011.1,g0012.1,g0013.1,g0014.1,g0015.1,g0016.1,g0017.1,g0018.1,g0019.1,g0020.1,g0021.1,g0022.1,g0023.1,g0024.1,g0025.1,g0026.1,g0027.1,g0028.1,g0029.1,g0030.1,g0031.1,g0032.1,g0033.1,g0034.1,g0035.1,g0036.1,g0037.1,g0038.1,g0039.1,g0040.1,g0041.1,g0042.1,g0043.1,g0044.1,g0051.1,g0053.1,g0054.1,g0055.1,g0056.1,g0057.1,g0058.1,g0059.1,g0061.1,g0062.1,g0063.1,g0064.1,g990065.1,g990066.1,g990067.1,g990068.1,g990069.1,g990070.1,g990071.1,g990072.1,g990073.1,g990074.1,g990075.1,g990076.1,g990077.1,g990078.1,g990079.1,g990080.1,g990081.1,g990082.1
10250,pmsf_10250_MSA_trimmed.ufboot.ale.uml_rec,5.454545454545454,0.0011539940508714845,326.0,0.02790824876402081,True,3.2611114923972258,0.0025389599403245035,185.0,0.10820086578118047,False,CDS,MAG: NADH-quinone oxidoreductase subunit K,103,2.0,7.0,12,12,71.6,"1501:0.9, 10300:0.9, 5451:0.8, 1850:1.0, 9042:0.8, 7171:0.9, 11888:0.9",0,0,0,0,0,0,0,0,1,1,1,1,1,1,1,1,1,0,0,0,0,0,0,0,0,0,0,0,0,0,1,0,0,0,1,1,0,0,0,0,0,0,0,0,0,0,0,0,0,0,0,0,0,0,0,0,0,0,0,0,0,0,0,0,0,0,0,0,0,0,0,0,0,0,,,,,,,,,g0009.c0057.02502,g0010.c0038.01877,g0011.c0085.02605,g0012.c0045.02159,g0013.c0062.02383,g0014.c0046.02147,g0015.c0039.00761,g0016.c0063.01600,g0017.c0221.04085,,,,,,,,,,,,,,g0031.c0020.01201,,,,g0035.c0087.02774,g0036.c0026.01081,,,,,,,,,,,,,,,,,,,,,,,,,,,,,,,,,,,,,,
10431,pmsf_10431_MSA_trimmed.ufboot.ale.uml_rec,6.4,0.001698739283845007,344.0,0.038932734051843124,True,3.5174051327704916,0.0032373766309619642,338.0,0.07551324662279328,False,CDS,"NADH-quinone oxidoreductase subunit NuoH [Respiration, Complex I|NADH:ubiquinone oxidoreductase subunit 1, NuoH]",320,0.0,1.0,9,9,62.8,"12905:1.0, 7113:0.9, 9363:0.9, 8912:0.9, 12185:0.9, 6238:0.8, 10803:0.8, 8494:0.6",0,0,0,0,0,0,0,0,1,1,1,1,1,1,1,0,0,0,0,0,0,0,0,0,0,0,0,0,1,0,0,0,0,0,0,0,0,0,0,0,1,0,0,0,0,0,0,0,0,0,0,0,0,0,0,0,0,0,0,0,0,0,0,0,0,0,0,0,0,0,0,0,0,0,,,,,,,,,g0009.c0031.01857,g0010.c0037.01838,g0011.c0073.02404,g0012.c0073.02690,g0013.c0017.01157,g0014.c0044.02080,g0015.c0032.00630,,,,,,,,,,,,,,g0029.c0016.01240,,,,,,,,,,,,g0041.c0054.04291,,,,,,,,,,,,,,,,,,,,,,,,,,,,,,,,,
11278,pmsf_11278_MSA_trimmed.ufboot.ale.uml_rec,5.276018099547511,0.0008769340941445918,309.0,0.022374590285553275,True,3.236857576425476,0.002542526636695829,187.0,0.1071940107150263,False,CDS,"ACP S-malonyltransferase [Metabolism, Fatty Acids|Malonyl CoA-acyl carrier protein transacylase FabD]",279,4.0,3.0,14,14,55.7,"7602:1.0, 6050:0.6, 5767:1.0",0,0,0,0,0,0,0,0,1,1,1,1,1,1,1,0,0,0,0,0,0,0,0,0,1,1,0,0,0,0,0,0,0,0,0,0,0,0,0,0,0,0,0,0,0,0,0,1,1,0,0,0,0,0,1,0,0,1,0,0,0,0,0,0,0,0,0,0,1,0,0,0,0,0,,,,,,,,,g0009.c0011.00911,g0010.c0013.00956,g0011.c0026.01225,g0012.c0014.00988,g0013.c0018.01173,g0014.c0011.00800,g0015.c0036.00710,,,,,,,,,,g0025.c0022.00896,g0026.c0004.00363,,,,,,,,,,,,,,,,,,,,,,g0055.c0142.01885,g0056.c0078.02664,,,,,,g0063.c0086.02845,,,g990066.c0000.00657,,,,,,,,,,,g990077.c0001.00851,,,,,
11389,pmsf_11389_MSA_trimmed.ufboot.ale.uml_rec,7.533333333333333,0.0009125960979751276,312.0,0.02306060139883303,True,3.8489364633098977,0.0014203615375361555,68.0,0.16467838767551543,False,CDS,"sugar phosphate isomerase [Cell Envelope, Peptidoglycan|N-acetylmuramic acid 6-phosphate (MurNAc-6-P) etherase MurQ|0.3]",616,4.0,6.0,8,8,73.0,"4707:1.0, 13963:1.0, 8087:0.8, 14439:1.0",0,0,0,0,0,0,0,0,1,1,1,1,1,1,1,0,0,0,0,0,0,0,0,0,0,0,0,0,0,0,0,0,0,0,0,0,0,1,0,0,0,0,0,0,0,0,0,0,0,0,0,0,0,0,0,0,0,0,0,0,0,0,0,0,0,0,0,0,0,0,0,0,0,0,,,,,,,,,g0009.c0130.03455,g0010.c0062.02395,g0011.c0154.03475,g0012.c0061.02485,g0013.c0087.02752,g0014.c0060.02477,g0015.c0145.01786,,,,,,,,,,,,,,,,,,,,,,,g0038.c0006.01540,,,,,,,,,,,,,,,,,,,,,,,,,,,,,,,,,,,,
11797,pmsf_11797_MSA_trimmed.ufboot.ale.uml_rec,7.533333333333333,0.0009125960979751276,312.0,0.02306060139883303,True,3.7501869488034996,0.0016075203381465187,78.0,0.16248320956342505,False,CDS,sigma-70 family RNA polymerase sigma factor,436,1.0,6.0,8,8,49.5,"943:1.0, 9762:0.8, 7218:0.6, 8963:0.6, 12010:0.7",0,0,0,0,0,0,0,0,1,1,1,1,0,1,1,0,1,0,0,0,0,0,0,0,0,0,0,0,0,0,0,0,0,0,0,0,0,0,0,0,0,0,0,0,0,0,0,0,0,0,0,0,0,0,0,0,0,0,0,0,0,0,0,1,0,0,0,0,0,0,0,0,0,0,,,,,,,,,g0009.c0063.02621,g0010.c0073.02618,g0011.c0090.02694,g0012.c0086.02878,,g0014.c0075.02721,g0015.c0297.02633,,g0017.c0155.03624,,,,,,,,,,,,,,,,,,,,,,,,,,,,,,,,,,,,,,,,,,,,,,,g990072.c0013.03915,,,,,,,,,,
11886,pmsf_11886_MSA_trimmed.ufboot.ale.uml_rec,5.7894736842105265,0.0014458610574964463,331.0,0.03443857576224164,True,2.4882587569624084,0.0034760021140711754,353.0,0.07763399622475112,False,CDS,trigger factor,439,3.0,1.0,8,8,65.2,"723:1.0, 7965:1.0, 6785:0.8, 2492:0.8, 14046:1.0, 1229:1.0, 9372:1.0, 2574:1.0",0,0,0,0,0,0,0,0,1,0,1,1,1,1,1,0,1,0,0,0,0,0,0,0,0,0,0,0,0,0,0,0,0,0,0,0,0,0,0,0,0,0,0,0,0,0,0,0,0,0,0,0,0,0,0,1,0,0,0,0,0,0,0,0,0,0,0,0,0,0,0,0,0,0,,,,,,,,,g0009.c0006.00608,,g0011.c0047.01845,g0012.c0003.00342,g0013.c0061.02370,g0014.c0030.01643,g0015.c0009.00241,,g0017.c0075.02527,,,,,,,,,,,,,,,,,,,,,,,,,,,,,,,,,,,,,,,g0064.c0000.06334,,,,,,,,,,,,,,,,,,
11968,pmsf_11968_MSA_trimmed.ufboot.ale.uml_rec,9.583333333333334,0.0008712553484118544,301.0,0.022820522149099867,True,4.123564934277911,0.001184277166023658,64.0,0.14588814338953937,False,CDS,ABC transporter permease,389,4.0,8.0,7,7,50.3,"7399:1.0, 863:1.0, 4125:0.9, 4540:0.9, 3167:0.9, 3500:1.0, 2567:1.0, 3540:1.0",0,0,0,0,0,0,0,0,1,1,1,1,1,1,0,0,1,0,0,0,0,0,0,0,0,0,0,0,0,0,0,0,0,0,0,0,0,0,0,0,0,0,0,0,0,0,0,0,0,0,0,0,0,0,0,0,0,0,0,0,0,0,0,0,0,0,0,0,0,0,0,0,0,0,,,,,,,,,g0009.c0007.00654,g0010.c0025.01444,g0011.c0049.01903,g0012.c0029.01661,g0013.c0032.01660,g0014.c0031.01682,,,g0017.c0141.03474,,,,,,,,,,,,,,,,,,,,,,,,,,,,,,,,,,,,,,,,,,,,,,,,,,,,,,,,,
12109,pmsf_12109_MSA_trimmed.ufboot.ale.uml_rec,0.0,0.0023151766148617296,369.0,0.04946572474680184,True,,,,,,CDS,GxxExxY protein,130,6.0,,18,31,56.7,,0,1,0,1,1,0,0,0,0,0,0,0,0,0,0,0,0,0,1,1,0,1,3,1,0,0,0,0,0,0,0,0,0,1,0,0,0,0,1,0,0,1,0,0,0,0,0,0,0,0,0,0,1,0,2,0,0,0,2,3,0,5,0,0,0,0,2,0,0,0,0,3,0,0,,g0001.c0000.01412,,g0003.c0000.00092,g0004.c0071.05585,,,,,,,,,,,,,,g0019.c0000.00353,g0020.c0057.02954,,g0022.c0010.01454,"g0023.c0031.02009,g0023.c0046.02578,g0023.c0074.03344",g0024.c0019.01622,,,,,,,,,,g0034.c0120.04228,,,,,g0039.c0007.02812,,,g0042.c0001.02093,,,,,,,,,,,g0061.c0065.02087,,"g0063.c0024.01373,g0063.c0037.01816",,,,"g990067.c0000.00298,g990067.c0000.00873","g990068.c0001.00779,g990068.c0001.00781,g990068.c0007.02581",,"g990070.c0003.00409,g990070.c0037.02303,g990070.c0086.03933,g990070.c0092.04077,g990070.c0193.05779",,,,,"g990075.c0004.00889,g990075.c0010.01616",,,,,"g990080.c0001.00425,g990080.c0003.01110,g990080.c0009.02376",,
12282,pmsf_12282_MSA_trimmed.ufboot.ale.uml_rec,9.583333333333334,0.0008712553484118544,301.0,0.022820522149099867,True,4.048072420580013,0.002790893880464684,290.0,0.075873818460633,False,CDS,helix-turn-helix domain-containing protein,343,1.0,3.0,7,7,51.0,"10061:1.0, 587:1.0, 10379:1.0",0,0,0,0,0,0,0,0,1,1,1,1,1,1,0,0,1,0,0,0,0,0,0,0,0,0,0,0,0,0,0,0,0,0,0,0,0,0,0,0,0,0,0,0,0,0,0,0,0,0,0,0,0,0,0,0,0,0,0,0,0,0,0,0,0,0,0,0,0,0,0,0,0,0,,,,,,,,,g0009.c0080.02865,g0010.c0031.01681,g0011.c0233.03908,g0012.c0048.02247,g0013.c0214.03702,g0014.c0050.02262,,,g0017.c0060.02174,,,,,,,,,,,,,,,,,,,,,,,,,,,,,,,,,,,,,,,,,,,,,,,,,,,,,,,,,
12392,pmsf_12392_MSA_trimmed.ufboot.ale.uml_rec,5.7894736842105265,0.0014458610574964463,331.0,0.03443857576224164,True,2.482153244172265,0.0034746281491814333,351.0,0.07804549381238296,False,CDS,RimK family protein,495,1.0,4.0,8,8,68.4,"942:1.0, 13114:0.9, 6770:0.6, 970:1.0, 11550:1.0, 4059:0.7, 12539:0.7",0,0,0,0,0,0,0,0,1,0,1,1,1,1,1,0,1,0,0,0,0,0,0,0,0,0,0,0,0,0,0,0,0,0,0,0,0,0,0,0,0,0,0,0,0,0,0,0,0,0,0,0,0,0,0,1,0,0,0,0,0,0,0,0,0,0,0,0,0,0,0,0,0,0,,,,,,,,,g0009.c0073.02761,,g0011.c0111.03030,g0012.c0003.00318,g0013.c0144.03326,g0014.c0030.01619,g0015.c0030.00610,,g0017.c0134.03393,,,,,,,,,,,,,,,,,,,,,,,,,,,,,,,,,,,,,,,g0064.c0000.03865,,,,,,,,,,,,,,,,,,
12430,pmsf_12430_MSA_trimmed.ufboot.ale.uml_rec,10.545454545454545,0.0016255716947161942,341.0,0.03758359894763189,True,4.362341474571317,0.0018469070756111465,159.0,0.09157871310766214,False,CDS,ThuA domain-containing protein,332,8.0,2.0,4,4,52.1,,0,0,1,0,0,0,0,0,1,0,0,0,0,0,1,0,0,1,0,0,0,0,0,0,0,0,0,0,0,0,0,0,0,0,0,0,0,0,0,0,0,0,0,0,0,0,0,0,0,0,0,0,0,0,0,0,0,0,0,0,0,0,0,0,0,0,0,0,0,0,0,0,0,0,,,g0002.c0000.02899,,,,,,g0009.c0103.03178,,,,,,g0015.c0022.00494,,,g0018.c0000.03352,,,,,,,,,,,,,,,,,,,,,,,,,,,,,,,,,,,,,,,,,,,,,,,,,,,,,,,,
12660,pmsf_12660_MSA_trimmed.ufboot.ale.uml_rec,9.583333333333334,0.0008712553484118544,301.0,0.022820522149099867,True,4.0112347000142865,0.0029795140850602123,312.0,0.07529002899555998,False,CDS,ThuA domain-containing protein,260,3.0,2.0,7,7,58.1,"6036:1.0, 6372:1.0, 7095:1.0",0,0,0,0,0,0,0,0,1,1,1,1,1,1,0,0,1,0,0,0,0,0,0,0,0,0,0,0,0,0,0,0,0,0,0,0,0,0,0,0,0,0,0,0,0,0,0,0,0,0,0,0,0,0,0,0,0,0,0,0,0,0,0,0,0,0,0,0,0,0,0,0,0,0,,,,,,,,,g0009.c0018.01335,g0010.c0066.02494,g0011.c0002.00268,g0012.c0025.01494,g0013.c0008.00663,g0014.c0064.02536,,,g0017.c0160.03670,,,,,,,,,,,,,,,,,,,,,,,,,,,,,,,,,,,,,,,,,,,,,,,,,,,,,,,,,
12866,pmsf_12866_MSA_trimmed.ufboot.ale.uml_rec,7.6,0.0018124597923523925,353.0,0.04047998017820471,True,3.7499999999907976,0.002457507610538856,175.0,0.11071422857993336,False,CDS,class I SAM-dependent methyltransferase,197,4.0,8.0,6,6,75.2,"176:0.8, 6898:1.0, 5959:1.0, 5151:1.0, 7629:0.7",0,0,0,0,0,0,0,0,1,1,1,0,1,1,1,0,0,0,0,0,0,0,0,0,0,0,0,0,0,0,0,0,0,0,0,0,0,0,0,0,0,0,0,0,0,0,0,0,0,0,0,0,0,0,0,0,0,0,0,0,0,0,0,0,0,0,0,0,0,0,0,0,0,0,,,,,,,,,g0009.c0038.02063,g0010.c0078.02682,g0011.c0029.01324,,g0013.c0034.01745,g0014.c0078.02769,g0015.c0033.00663,,,,,,,,,,,,,,,,,,,,,,,,,,,,,,,,,,,,,,,,,,,,,,,,,,,,,,,,,,,
12905,pmsf_12905_MSA_trimmed.ufboot.ale.uml_rec,6.4,0.001698739283845007,344.0,0.038932734051843124,True,3.4926112664222058,0.002752347094419464,278.0,0.07805577155540667,False,CDS,"NADH-quinone oxidoreductase subunit NuoI [Respiration, Complex I|NADH:ubiquinone oxidoreductase 23 kD subunit. NuoI/Formate hydrogen lyase subunit 6|0.7]",170,0.0,2.0,9,9,90.7,"10431:1.0, 7113:0.9, 9363:0.9, 8912:0.9, 12185:0.9, 2079:0.8, 6238:0.8, 10803:0.8",0,0,0,0,0,0,0,0,1,1,1,1,1,1,1,0,0,0,0,0,0,0,0,0,0,0,0,0,1,0,0,0,0,0,0,0,0,0,0,0,1,0,0,0,0,0,0,0,0,0,0,0,0,0,0,0,0,0,0,0,0,0,0,0,0,0,0,0,0,0,0,0,0,0,,,,,,,,,g0009.c0031.01856,g0010.c0037.01837,g0011.c0073.02405,g0012.c0073.02689,g0013.c0017.01156,g0014.c0044.02079,g0015.c0032.00632,,,,,,,,,,,,,,g0029.c0016.01239,,,,,,,,,,,,g0041.c0054.04292,,,,,,,,,,,,,,,,,,,,,,,,,,,,,,,,,
12962,pmsf_12962_MSA_trimmed.ufboot.ale.uml_rec,5.454545454545454,0.0011539940508714845,326.0,0.02790824876402081,True,3.3112845435165124,0.002341385281774298,171.0,0.10795018457022552,False,CDS,"3'(2'),5'-bisphosphate nucleotidase CysQ",271,3.0,3.0,12,12,62.2,"7415:0.6, 5332:1.0, 6016:1.0, 2085:1.0",0,0,0,0,0,0,0,0,1,1,1,1,1,1,1,0,1,0,0,0,0,0,0,0,1,0,0,0,0,1,0,0,0,0,1,1,0,0,0,0,0,0,0,0,0,0,0,0,0,0,0,0,0,0,0,0,0,0,0,0,0,0,0,0,0,0,0,0,0,0,0,0,0,0,,,,,,,,,g0009.c0028.01736,g0010.c0160.03450,g0011.c0053.02010,g0012.c0052.02318,g0013.c0021.01293,g0014.c0085.02850,g0015.c0230.02293,,g0017.c0236.04157,,,,,,,,g0025.c0081.02037,,,,,g0030.c0034.01266,,,,,g0035.c0005.00444,g0036.c0087.02527,,,,,,,,,,,,,,,,,,,,,,,,,,,,,,,,,,,,,,
13121,pmsf_13121_MSA_trimmed.ufboot.ale.uml_rec,6.055555555555555,0.0006917066660718271,296.0,0.01842370052469691,True,3.35706299054472,0.0016539958033931718,120.0,0.10866752428293139,False,CDS,YeeE/YedE family protein,352,1.0,1.0,11,11,66.5,"13307:1.0, 3929:1.0, 9647:1.0, 9012:0.6, 9807:1.0",0,0,0,0,0,0,0,0,1,1,1,1,1,1,1,0,1,0,0,0,0,0,0,0,0,0,0,0,0,1,0,0,0,0,1,1,0,0,0,0,0,0,0,0,0,0,0,0,0,0,0,0,0,0,0,0,0,0,0,0,0,0,0,0,0,0,0,0,0,0,0,0,0,0,,,,,,,,,g0009.c0094.03073,g0010.c0032.01710,g0011.c0114.03063,g0012.c0039.01996,g0013.c0033.01707,g0014.c0004.00430,g0015.c0117.01557,,g0017.c0008.00544,,,,,,,,,,,,,g0030.c0034.01258,,,,,g0035.c0065.02410,g0036.c0087.02535,,,,,,,,,,,,,,,,,,,,,,,,,,,,,,,,,,,,,,
13168,pmsf_13168_MSA_trimmed.ufboot.ale.uml_rec,7.533333333333333,0.0009125960979751276,312.0,0.02306060139883303,True,3.8012634577977145,0.0014395125893622498,69.0,0.16447996021060837,False,CDS,MAG: ABC-ATPase domain-containing protein,578,0.0,3.0,8,8,79.5,"9031:1.0, 10010:1.0, 459:1.0",0,0,0,0,0,0,0,0,1,1,1,1,1,1,1,0,0,0,0,0,0,0,0,0,0,0,0,0,0,0,0,0,0,0,0,0,0,0,0,0,0,0,0,0,0,0,0,0,0,0,0,0,0,0,0,0,0,1,0,0,0,0,0,0,0,0,0,0,0,0,0,0,0,0,,,,,,,,,g0009.c0014.01099,g0010.c0013.00960,g0011.c0172.03599,g0012.c0014.00992,g0013.c0154.03391,g0014.c0011.00804,g0015.c0082.01250,,,,,,,,,,,,,,,,,,,,,,,,,,,,,,,,,,,,,,,,,,,g990066.c0000.01718,,,,,,,,,,,,,,,,
1328,pmsf_1328_MSA_trimmed.ufboot.ale.uml_rec,5.7894736842105265,0.0014458610574964463,331.0,0.03443857576224164,True,2.1979677577826227,0.0044231870134988065,442.0,0.07889684709145835,False,CDS,hypothetical protein EA425_15445,417,0.0,3.0,8,8,86.6,"10105:1.0, 13938:1.0, 12372:1.0, 10023:0.7, 6035:0.7",0,0,0,0,0,0,0,0,1,1,1,1,1,1,1,0,1,0,0,0,0,0,0,0,0,0,0,0,0,0,0,0,0,0,0,0,0,0,0,0,0,0,0,0,0,0,0,0,0,0,0,0,0,0,0,0,0,0,0,0,0,0,0,0,0,0,0,0,0,0,0,0,0,0,,,,,,,,,g0009.c0000.00030,g0010.c0056.02307,g0011.c0015.00856,g0012.c0027.01571,g0013.c0004.00422,g0014.c0028.01559,g0015.c0284.02569,,g0017.c0005.00388,,,,,,,,,,,,,,,,,,,,,,,,,,,,,,,,,,,,,,,,,,,,,,,,,,,,,,,,,
13519,pmsf_13519_MSA_trimmed.ufboot.ale.uml_rec,7.533333333333333,0.0009125960979751276,312.0,0.02306060139883303,True,2.458287773247427,0.00311454908500896,324.0,0.07578736106855136,False,CDS,MAG: TetR/AcrR family transcriptional regulator,220,2.0,0.0,8,8,86.9,"2880:1.0, 11111:1.0, 11314:1.0, 1345:0.6, 1839:0.8, 4071:1.0, 579:1.0, 9568:1.0, 13930:1.0",0,0,0,0,0,0,0,0,1,1,1,1,1,1,1,0,0,0,0,0,0,0,0,0,0,0,0,0,1,0,0,0,0,0,0,0,0,0,0,0,0,0,0,0,0,0,0,0,0,0,0,0,0,0,0,0,0,0,0,0,0,0,0,0,0,0,0,0,0,0,0,0,0,0,,,,,,,,,g0009.c0045.02228,g0010.c0008.00723,g0011.c0097.02820,g0012.c0068.02602,g0013.c0057.02297,g0014.c0051.02291,g0015.c0001.00052,,,,,,,,,,,,,,g0029.c0112.03253,,,,,,,,,,,,,,,,,,,,,,,,,,,,,,,,,,,,,,,,,,,,,
13716,pmsf_13716_MSA_trimmed.ufboot.ale.uml_rec,7.6,0.0018124597923523925,353.0,0.04047998017820471,True,3.7499999999907985,0.0024575076105388676,177.0,0.10946322034739227,False,CDS,MAG: DUF805 domain-containing protein,343,0.0,2.0,6,6,66.6,"10784:0.8, 4914:0.8, 11674:0.8, 9808:0.8, 14003:0.7, 5946:0.7",0,0,0,0,0,0,0,0,1,1,1,1,0,1,1,0,0,0,0,0,0,0,0,0,0,0,0,0,0,0,0,0,0,0,0,0,0,0,0,0,0,0,0,0,0,0,0,0,0,0,0,0,0,0,0,0,0,0,0,0,0,0,0,0,0,0,0,0,0,0,0,0,0,0,,,,,,,,,g0009.c0000.00007,g0010.c0032.01705,g0011.c0022.01096,g0012.c0039.01991,,g0014.c0004.00425,g0015.c0062.01030,,,,,,,,,,,,,,,,,,,,,,,,,,,,,,,,,,,,,,,,,,,,,,,,,,,,,,,,,,,
13747,pmsf_13747_MSA_trimmed.ufboot.ale.uml_rec,7.6,0.0018124597923523925,353.0,0.04047998017820471,True,3.7499999999907976,0.002457507610538856,175.0,0.11071422857993336,False,CDS,hypothetical protein JSR82_12645,1133,4.0,1.0,6,6,69.8,"7167:1.0, 6611:0.6, 5623:0.7",0,0,0,0,0,0,0,0,1,1,1,0,1,1,1,0,0,0,0,0,0,0,0,0,0,0,0,0,0,0,0,0,0,0,0,0,0,0,0,0,0,0,0,0,0,0,0,0,0,0,0,0,0,0,0,0,0,0,0,0,0,0,0,0,0,0,0,0,0,0,0,0,0,0,,,,,,,,,g0009.c0000.00004,g0010.c0042.02013,g0011.c0022.01099,,g0013.c0040.01917,g0014.c0027.01498,g0015.c0055.00953,,,,,,,,,,,,,,,,,,,,,,,,,,,,,,,,,,,,,,,,,,,,,,,,,,,,,,,,,,,
13856,pmsf_13856_MSA_trimmed.ufboot.ale.uml_rec,9.583333333333334,0.0008712553484118544,301.0,0.022820522149099867,True,4.041252840902916,0.0027280040974805263,266.0,0.08085558009224236,False,CDS,spermidine synthase,856,3.0,2.0,7,7,51.0,"7219:0.9, 2985:0.9, 4762:0.7, 13852:0.6, 12237:0.6, 2733:1.0, 9646:0.6, 8650:0.8",0,0,0,0,0,0,0,0,1,1,1,1,1,1,0,0,1,0,0,0,0,0,0,0,0,0,0,0,0,0,0,0,0,0,0,0,0,0,0,0,0,0,0,0,0,0,0,0,0,0,0,0,0,0,0,0,0,0,0,0,0,0,0,0,0,0,0,0,0,0,0,0,0,0,,,,,,,,,g0009.c0118.03342,g0010.c0015.01050,g0011.c0001.00136,g0012.c0018.01183,g0013.c0160.03429,g0014.c0016.01040,,,g0017.c0075.02522,,,,,,,,,,,,,,,,,,,,,,,,,,,,,,,,,,,,,,,,,,,,,,,,,,,,,,,,,
13933,pmsf_13933_MSA_trimmed.ufboot.ale.uml_rec,7.6,0.0018124597923523925,353.0,0.04047998017820471,True,2.451408797928777,0.005056425256649165,466.0,0.08554690283996143,False,CDS,hypothetical protein JNJ82_14995,166,2.0,0.0,6,6,77.8,"3807:1.0, 14047:0.8, 12293:0.7",0,0,0,0,0,0,0,0,0,1,1,1,1,1,1,0,0,0,0,0,0,0,0,0,0,0,0,0,0,0,0,0,0,0,0,0,0,0,0,0,0,0,0,0,0,0,0,0,0,0,0,0,0,0,0,0,0,0,0,0,0,0,0,0,0,0,0,0,0,0,0,0,0,0,,,,,,,,,,g0010.c0021.01304,g0011.c0002.00208,g0012.c0024.01450,g0013.c0137.03272,g0014.c0025.01442,g0015.c0030.00605,,,,,,,,,,,,,,,,,,,,,,,,,,,,,,,,,,,,,,,,,,,,,,,,,,,,,,,,,,,
14143,pmsf_14143_MSA_trimmed.ufboot.ale.uml_rec,5.7894736842105265,0.0014458610574964463,331.0,0.03443857576224164,True,3.705055261463358,0.0021561947235431145,167.0,0.10179304910427493,False,CDS,DNA mismatch endonuclease Vsr,158,,8.0,8,8,79.5,"10529:0.6, 1322:0.8, 2393:1.0, 3438:1.0, 11129:0.7, 10089:0.7, 7091:0.7",0,1,0,0,0,0,0,0,1,1,0,1,1,1,0,0,1,0,0,0,0,0,0,0,0,0,0,0,0,0,0,0,0,0,0,1,0,0,0,0,0,0,0,0,0,0,0,0,0,0,0,0,0,0,0,0,0,0,0,0,0,0,0,0,0,0,0,0,0,0,0,0,0,0,,g0001.c0000.03252,,,,,,,g0009.c0138.03523,g0010.c0116.03152,,g0012.c0107.03088,g0013.c0123.03141,g0014.c0104.03040,,,g0017.c0004.00333,,,,,,,,,,,,,,,,,,,g0036.c0061.02080,,,,,,,,,,,,,,,,,,,,,,,,,,,,,,,,,,,,,,
1761,pmsf_1761_MSA_trimmed.ufboot.ale.uml_rec,7.533333333333333,0.0009125960979751276,312.0,0.02306060139883303,True,2.6098553447231514,0.0026583602913337286,242.0,0.08660542370609552,False,CDS,"UDP-N-acetylenolpyruvoylglucosamine reductase [Cell Envelope, Peptidoglycan|UDP-N-acetylmuramate dehydrogenase MurB]",321,0.0,1.0,8,8,52.3,"3994:1.0, 13714:1.0, 5677:0.9, 4000:1.0, 2033:0.9, 11853:0.9, 11885:1.0, 1961:0.9",0,0,0,0,0,0,0,0,1,1,1,1,1,1,1,0,0,0,0,0,0,0,0,0,0,0,0,0,0,0,0,0,0,0,0,0,0,0,0,0,0,0,0,0,0,0,0,0,0,0,0,0,0,0,0,0,0,1,0,0,0,0,0,0,0,0,0,0,0,0,0,0,0,0,,,,,,,,,g0009.c0020.01409,g0010.c0016.01099,g0011.c0009.00600,g0012.c0020.01274,g0013.c0013.00963,g0014.c0019.01167,g0015.c0007.00210,,,,,,,,,,,,,,,,,,,,,,,,,,,,,,,,,,,,,,,,,,,g990066.c0000.01405,,,,,,,,,,,,,,,,
1835,pmsf_1835_MSA_trimmed.ufboot.ale.uml_rec,6.4,0.001698739283845007,344.0,0.038932734051843124,True,2.469923390059587,0.004071777068234094,361.0,0.0889249041716277,False,CDS,metallophosphoesterase,310,4.0,5.0,7,7,73.1,"2397:0.9, 9023:0.9, 6580:0.9, 815:0.9, 9497:0.7, 9976:0.6",0,0,0,0,0,0,0,0,1,1,0,1,1,1,1,0,0,0,0,0,0,0,0,0,0,0,0,0,0,0,0,0,0,0,0,0,0,0,0,0,0,0,0,0,0,0,0,0,0,0,0,0,0,0,0,1,0,0,0,0,0,0,0,0,0,0,0,0,0,0,0,0,0,0,,,,,,,,,g0009.c0003.00348,g0010.c0002.00273,,g0012.c0009.00753,g0013.c0002.00219,g0014.c0003.00382,g0015.c0013.00323,,,,,,,,,,,,,,,,,,,,,,,,,,,,,,,,,,,,,,,,,g0064.c0000.04996,,,,,,,,,,,,,,,,,,
1845,pmsf_1845_MSA_trimmed.ufboot.ale.uml_rec,7.533333333333333,0.0009125960979751276,312.0,0.02306060139883303,True,2.410790448147119,0.0031978243081229544,332.0,0.07593869531699209,False,CDS,bidirectional hydrogenase complex protein HoxU,238,0.0,4.0,8,8,85.3,"6334:1.0, 976:1.0, 11055:1.0, 2855:0.9, 8028:1.0, 11979:1.0, 152:0.6, 9560:1.0",0,0,0,0,0,0,0,0,1,1,1,1,1,1,1,0,0,0,0,0,0,0,0,0,0,0,0,0,0,0,0,0,0,0,0,0,0,0,0,0,0,0,0,0,0,0,0,0,0,0,0,0,0,0,0,0,0,0,0,0,1,0,0,0,0,0,0,0,0,0,0,0,0,0,,,,,,,,,g0009.c0035.01966,g0010.c0025.01461,g0011.c0042.01699,g0012.c0029.01644,g0013.c0055.02258,g0014.c0031.01665,g0015.c0204.02154,,,,,,,,,,,,,,,,,,,,,,,,,,,,,,,,,,,,,,,,,,,,,,g990069.c0010.02337,,,,,,,,,,,,,
2092,pmsf_2092_MSA_trimmed.ufboot.ale.uml_rec,7.6,0.0018124597923523925,353.0,0.04047998017820471,True,2.419512430110539,0.005455901254742078,475.0,0.09055647472081378,False,CDS,type II toxin-antitoxin system VapC family toxin,128,0.0,0.0,6,6,83.9,"7608:1.0, 6042:1.0, 10794:1.0, 429:1.0, 3439:1.0",0,0,0,0,0,0,0,0,1,1,1,1,0,1,1,0,0,0,0,0,0,0,0,0,0,0,0,0,0,0,0,0,0,0,0,0,0,0,0,0,0,0,0,0,0,0,0,0,0,0,0,0,0,0,0,0,0,0,0,0,0,0,0,0,0,0,0,0,0,0,0,0,0,0,,,,,,,,,g0009.c0045.02240,g0010.c0136.03292,g0011.c0230.03890,g0012.c0126.03229,,g0014.c0125.03190,g0015.c0134.01694,,,,,,,,,,,,,,,,,,,,,,,,,,,,,,,,,,,,,,,,,,,,,,,,,,,,,,,,,,,
2143,pmsf_2143_MSA_trimmed.ufboot.ale.uml_rec,6.572368421052632,0.0008299446804461293,297.0,0.022031258790024526,True,2.547976391853916,0.002262850838888332,170.0,0.10494303537526828,False,CDS,"twin-arginine translocase subunit TatC [Transport, Folded Protein Translocation|Twin arginine targeting (Tat) protein translocase, subunit TatC|0.3] [Transport, Folded Protein Translocation|Archaeal twin arginine targeting (Tat) protein translocase, subunit TatC|0.2]",279,1.0,8.0,7,7,55.4,"12915:0.9, 6527:0.7, 9027:0.7, 5944:0.7, 858:0.8, 10137:0.7, 5121:0.7, 10517:0.7",0,0,0,0,0,0,0,0,1,1,0,1,1,1,1,0,1,0,0,0,0,0,0,0,0,0,0,0,0,0,0,0,0,0,0,0,0,0,0,0,0,0,0,0,0,0,0,0,0,0,0,0,0,0,0,0,0,0,0,0,0,0,0,0,0,0,0,0,0,0,0,0,0,0,,,,,,,,,g0009.c0000.00063,g0010.c0009.00756,,g0012.c0008.00681,g0013.c0004.00388,g0014.c0008.00661,g0015.c0129.01657,,g0017.c0016.00892,,,,,,,,,,,,,,,,,,,,,,,,,,,,,,,,,,,,,,,,,,,,,,,,,,,,,,,,,
2369,pmsf_2369_MSA_trimmed.ufboot.ale.uml_rec,9.583333333333334,0.0008712553484118544,301.0,0.022820522149099867,True,4.121212121201162,0.0011753199897060218,63.0,0.147082901568925,False,CDS,"TonB family protein [Transport, Siderophore, Peptide, etc Import|Periplasmic protein TonB|0.1]",216,1.0,0.0,5,5,77.1,"6894:1.0, 10270:0.8, 7217:0.8, 5129:0.8, 11617:0.8, 10386:0.8, 2627:0.8, 8305:0.7",0,0,0,0,0,0,0,0,1,0,1,1,0,1,1,0,0,0,0,0,0,0,0,0,0,0,0,0,0,0,0,0,0,0,0,0,0,0,0,0,0,0,0,0,0,0,0,0,0,0,0,0,0,0,0,0,0,0,0,0,0,0,0,0,0,0,0,0,0,0,0,0,0,0,,,,,,,,,g0009.c0033.01912,,g0011.c0016.00907,g0012.c0032.01776,,g0014.c0034.01780,g0015.c0247.02390,,,,,,,,,,,,,,,,,,,,,,,,,,,,,,,,,,,,,,,,,,,,,,,,,,,,,,,,,,,
2454,pmsf_2454_MSA_trimmed.ufboot.ale.uml_rec,7.533333333333333,0.0009125960979751276,312.0,0.02306060139883303,True,3.7904403611975748,0.0018408470065948738,157.0,0.09244100509550308,False,CDS,MAG: hypothetical protein JJU20_02565,164,3.0,7.0,8,8,51.0,"4464:0.8, 10779:0.8, 2304:1.0, 10002:1.0, 8339:0.8, 10056:0.7",0,0,0,0,0,0,0,0,1,1,1,1,1,1,1,0,0,0,0,0,0,0,0,0,0,0,0,0,1,0,0,0,0,0,0,0,0,0,0,0,0,0,0,0,0,0,0,0,0,0,0,0,0,0,0,0,0,0,0,0,0,0,0,0,0,0,0,0,0,0,0,0,0,0,,,,,,,,,g0009.c0028.01709,g0010.c0041.01967,g0011.c0146.03405,g0012.c0023.01398,g0013.c0021.01320,g0014.c0024.01374,g0015.c0223.02254,,,,,,,,,,,,,,g0029.c0004.00550,,,,,,,,,,,,,,,,,,,,,,,,,,,,,,,,,,,,,,,,,,,,,
2627,pmsf_2627_MSA_trimmed.ufboot.ale.uml_rec,6.4,0.001698739283845007,344.0,0.038932734051843124,True,3.621535479636753,0.0034783477811439023,354.0,0.07746693193937436,False,CDS,"M20/M25/M40 family metallo-hydrolase [Metabolism, Aminoacid Biosynthesis|(lys) Acetylornithine deacetylase/Succinyl-diaminopimelate desuccinylase ArgE/LysK and related,|0.4]",382,1.0,4.0,8,8,71.7,"6894:0.9, 10386:1.0, 2369:0.8, 4884:0.6, 2122:0.8, 10029:1.0, 8305:1.0",0,0,0,0,1,0,0,0,1,1,1,1,1,1,0,0,0,1,0,0,0,0,0,0,0,0,0,0,0,0,0,0,0,0,0,0,0,0,0,0,0,0,0,0,0,0,0,0,0,0,0,0,0,0,0,0,0,0,0,0,0,0,0,0,0,0,0,0,0,0,0,0,0,0,,,,,g0004.c0052.04672,,,,g0009.c0033.01916,g0010.c0107.03077,g0011.c0016.00911,g0012.c0032.01779,g0013.c0127.03178,g0014.c0034.01777,,,,g0018.c0000.04421,,,,,,,,,,,,,,,,,,,,,,,,,,,,,,,,,,,,,,,,,,,,,,,,,,,,,,,,
2832,pmsf_2832_MSA_trimmed.ufboot.ale.uml_rec,7.6,0.0018124597923523925,353.0,0.04047998017820471,True,2.4690011672863923,0.004744958049716824,454.0,0.08239922745367277,False,CDS,,285,,4.0,6,6,61.6,"5543:1.2, 38:1.0, 2482:0.7",0,0,0,0,0,0,0,0,1,1,1,1,0,1,1,0,0,0,0,0,0,0,0,0,0,0,0,0,0,0,0,0,0,0,0,0,0,0,0,0,0,0,0,0,0,0,0,0,0,0,0,0,0,0,0,0,0,0,0,0,0,0,0,0,0,0,0,0,0,0,0,0,0,0,,,,,,,,,g0009.c0045.02236,g0010.c0002.00250,g0011.c0097.02812,g0012.c0009.00730,,g0014.c0003.00359,g0015.c0250.02409,,,,,,,,,,,,,,,,,,,,,,,,,,,,,,,,,,,,,,,,,,,,,,,,,,,,,,,,,,,
3207,pmsf_3207_MSA_trimmed.ufboot.ale.uml_rec,7.533333333333333,0.0009125960979751276,312.0,0.02306060139883303,True,2.395857722115473,0.0032880038851451914,339.0,0.07646791336426162,False,CDS,dihydroneopterin aldolase,124,6.0,4.0,8,8,59.5,"14183:0.9, 5553:0.9, 8126:0.9, 6468:1.0, 12292:0.8",0,0,0,0,0,0,0,0,1,1,1,1,1,1,1,0,0,0,0,0,0,0,0,1,0,0,0,0,0,0,0,0,0,0,0,0,0,0,0,0,0,0,0,0,0,0,0,0,0,0,0,0,0,0,0,0,0,0,0,0,0,0,0,0,0,0,0,0,0,0,0,0,0,0,,,,,,,,,g0009.c0033.01904,g0010.c0000.00013,g0011.c0016.00899,g0012.c0000.00105,g0013.c0039.01883,g0014.c0000.00104,g0015.c0032.00644,,,,,,,,,g0024.c0041.02601,,,,,,,,,,,,,,,,,,,,,,,,,,,,,,,,,,,,,,,,,,,,,,,,,,
3310,pmsf_3310_MSA_trimmed.ufboot.ale.uml_rec,10.545454545454545,0.0016255716947161942,341.0,0.03758359894763189,True,4.371083982121025,0.0019597444074147975,161.0,0.0959666143357656,False,CDS,"type II/IV secretion system protein, partial [Motility, Type IV Pili|Type IV-A pilus assembly ATPase PilB, Type II general secretory pathway ATPase GspE/PulE] [Transport, Protein Secretion, Type II|Type II secretion membrane-associated protein GspE/PulE]",496,4.0,7.0,5,5,81.5,"10759:1.0, 3404:1.0, 9356:1.0, 5322:1.0, 619:0.7, 5947:0.7",0,0,0,0,0,0,0,0,1,0,1,0,1,0,1,0,1,0,0,0,0,0,0,0,0,0,0,0,0,0,0,0,0,0,0,0,0,0,0,0,0,0,0,0,0,0,0,0,0,0,0,0,0,0,0,0,0,0,0,0,0,0,0,0,0,0,0,0,0,0,0,0,0,0,,,,,,,,,g0009.c0006.00567,,g0011.c0147.03408,,g0013.c0031.01629,,g0015.c0112.01517,,g0017.c0039.01618,,,,,,,,,,,,,,,,,,,,,,,,,,,,,,,,,,,,,,,,,,,,,,,,,,,,,,,,,
3454,pmsf_3454_MSA_trimmed.ufboot.ale.uml_rec,9.583333333333334,0.0008712553484118544,301.0,0.022820522149099867,True,4.121212121201162,0.0011753199897060148,62.0,0.14945520643293905,False,CDS,hypothetical protein ISS77_06180,136,0.0,8.0,5,5,89.4,"389:1.0, 1633:0.8, 2646:0.8, 822:0.6",0,0,0,0,0,0,0,0,1,0,1,0,1,1,1,0,0,0,0,0,0,0,0,0,0,0,0,0,0,0,0,0,0,0,0,0,0,0,0,0,0,0,0,0,0,0,0,0,0,0,0,0,0,0,0,0,0,0,0,0,0,0,0,0,0,0,0,0,0,0,0,0,0,0,,,,,,,,,g0009.c0011.00900,,g0011.c0222.03857,,g0013.c0018.01162,g0014.c0008.00650,g0015.c0018.00423,,,,,,,,,,,,,,,,,,,,,,,,,,,,,,,,,,,,,,,,,,,,,,,,,,,,,,,,,,,
3965,pmsf_3965_MSA_trimmed.ufboot.ale.uml_rec,9.583333333333334,0.0008712553484118544,301.0,0.022820522149099867,True,2.024134861454321,0.0034727661762781253,350.0,0.07822653866793354,False,CDS,hypothetical protein HY736_16235,132,1.0,0.0,5,6,77.9,"6858:1.0, 12898:0.7, 2328:0.7",0,0,0,0,0,0,0,0,0,1,0,1,1,1,2,0,0,0,0,0,0,0,0,0,0,0,0,0,0,0,0,0,0,0,0,0,0,0,0,0,0,0,0,0,0,0,0,0,0,0,0,0,0,0,0,0,0,0,0,0,0,0,0,0,0,0,0,0,0,0,0,0,0,0,,,,,,,,,,g0010.c0090.02889,,g0012.c0077.02756,g0013.c0162.03444,g0014.c0065.02552,"g0015.c0273.02513,g0015.c0362.02878",,,,,,,,,,,,,,,,,,,,,,,,,,,,,,,,,,,,,,,,,,,,,,,,,,,,,,,,,,,
5075,pmsf_5075_MSA_trimmed.ufboot.ale.uml_rec,6.4,0.001698739283845007,344.0,0.038932734051843124,True,3.514092838768701,0.0027907375535305146,289.0,0.0761320929828186,False,CDS,phosphatidylglycerophosphatase A,170,2.0,0.0,9,9,51.7,"11817:0.9, 13615:0.8, 482:0.7, 6682:0.8",0,0,0,0,0,0,0,0,1,1,1,1,1,1,1,0,0,0,0,0,0,0,0,0,0,0,0,0,0,0,1,0,0,0,0,0,1,0,0,0,0,0,0,0,0,0,0,0,0,0,0,0,0,0,0,0,0,0,0,0,0,0,0,0,0,0,0,0,0,0,0,0,0,0,,,,,,,,,g0009.c0086.02952,g0010.c0120.03180,g0011.c0108.02980,g0012.c0047.02201,g0013.c0078.02632,g0014.c0048.02190,g0015.c0021.00475,,,,,,,,,,,,,,,,g0031.c0128.03766,,,,,,g0037.c0003.00672,,,,,,,,,,,,,,,,,,,,,,,,,,,,,,,,,,,,,
5441,pmsf_5441_MSA_trimmed.ufboot.ale.uml_rec,4.201704545454546,0.0014033150203200662,330.0,0.03352647157637395,True,2.6280208303703163,0.002803185457533923,292.0,0.07568600735341593,False,CDS,"NADH-quinone oxidoreductase subunit C [Respiration, Complex I|NADH:ubiquinone oxidoreductase 27 kD subunit, NuoC|0.5]",206,6.0,3.0,20,20,53.7,"6501:1.0, 10974:0.9, 13697:0.9, 6338:0.8, 12488:0.8, 3406:1.0, 3314:1.0, 932:1.0, 8234:1.0",0,0,0,0,0,0,1,0,1,1,1,1,1,1,1,1,0,0,0,0,0,0,0,0,0,0,0,0,1,1,0,0,0,0,1,1,0,0,0,0,0,1,0,1,0,0,0,0,1,0,0,0,0,0,0,0,1,0,1,0,0,0,0,0,1,0,0,0,1,0,0,0,0,0,,,,,,,g0007.c0059.01430,,g0009.c0010.00859,g0010.c0058.02344,g0011.c0046.01801,g0012.c0056.02412,g0013.c0043.01971,g0014.c0056.02400,g0015.c0010.00262,g0016.c0005.00196,,,,,,,,,,,,,g0029.c0015.01173,g0030.c0110.02690,,,,,g0035.c0025.01348,g0036.c0092.02610,,,,,,g0042.c0003.02751,,g0044.c0036.01144,,,,,g0056.c0054.02279,,,,,,,,g990065.c0008.02655,,g990067.c0001.01650,,,,,,g990073.c0004.03450,,,,g990077.c0010.01970,,,,,
5553,pmsf_5553_MSA_trimmed.ufboot.ale.uml_rec,7.533333333333333,0.0009125960979751276,312.0,0.02306060139883303,True,3.8000403323386784,0.0015040551723858372,74.0,0.16024285106878297,False,CDS,2-amino-4-hydroxy-6-hydroxymethyldihydropteridine diphosphokinase,172,5.0,7.0,8,8,71.5,"14183:0.9, 3207:0.9, 8126:0.9, 12292:0.8",0,0,0,0,0,0,0,0,1,1,1,1,1,1,1,0,0,0,0,0,0,0,0,0,0,0,0,0,0,0,0,0,0,0,0,0,0,0,0,0,0,0,0,1,0,0,0,0,0,0,0,0,0,0,0,0,0,0,0,0,0,0,0,0,0,0,0,0,0,0,0,0,0,0,,,,,,,,,g0009.c0033.01905,g0010.c0000.00014,g0011.c0016.00900,g0012.c0000.00104,g0013.c0039.01884,g0014.c0000.00103,g0015.c0032.00645,,,,,,,,,,,,,,,,,,,,,,,,,,,,,g0044.c0012.00548,,,,,,,,,,,,,,,,,,,,,,,,,,,,,,
5607,pmsf_5607_MSA_trimmed.ufboot.ale.uml_rec,7.6,0.0018124597923523925,353.0,0.04047998017820471,True,2.449764328102671,0.005140201428680892,471.0,0.08604107869155021,False,CDS,hypothetical protein EA347_07645,139,0.0,2.0,6,6,88.8,"450:1.0, 2324:0.8, 6852:0.8, 12889:0.8, 7716:1.0, 1916:0.6, 13203:1.0, 3183:1.0",0,0,0,0,0,0,0,0,0,1,1,1,1,1,1,0,0,0,0,0,0,0,0,0,0,0,0,0,0,0,0,0,0,0,0,0,0,0,0,0,0,0,0,0,0,0,0,0,0,0,0,0,0,0,0,0,0,0,0,0,0,0,0,0,0,0,0,0,0,0,0,0,0,0,,,,,,,,,,g0010.c0028.01556,g0011.c0183.03673,g0012.c0042.02069,g0013.c0162.03442,g0014.c0043.02041,g0015.c0134.01697,,,,,,,,,,,,,,,,,,,,,,,,,,,,,,,,,,,,,,,,,,,,,,,,,,,,,,,,,,,
5620,pmsf_5620_MSA_trimmed.ufboot.ale.uml_rec,6.572368421052632,0.0008299446804461293,297.0,0.022031258790024526,True,3.611337875516239,0.0018928114168702676,160.0,0.09326828256628243,False,CDS,HAD-IIB family hydrolase,693,2.0,3.0,11,11,77.5,"5563:1.0, 8799:0.6, 1987:0.6, 6022:1.0, 12113:0.6, 462:1.0, 10093:1.0",0,0,0,0,0,0,0,0,1,1,1,1,1,1,1,0,1,0,0,0,0,0,0,0,0,0,0,0,0,0,1,0,0,0,0,0,0,0,0,0,0,0,0,0,0,0,0,0,0,0,0,0,0,0,0,0,0,0,0,0,0,0,0,0,1,0,0,0,0,0,0,1,0,0,,,,,,,,,g0009.c0016.01158,g0010.c0018.01202,g0011.c0040.01661,g0012.c0003.00373,g0013.c0011.00882,g0014.c0021.01253,g0015.c0097.01395,,g0017.c0002.00225,,,,,,,,,,,,,,g0031.c0039.01951,,,,,,,,,,,,,,,,,,,,,,,,,,,,,,,,,,g990073.c0002.02657,,,,,,,g990080.c0002.00792,,
5785,pmsf_5785_MSA_trimmed.ufboot.ale.uml_rec,6.572368421052632,0.0008299446804461293,297.0,0.022031258790024526,True,3.6317130892803866,0.0014913878683914304,73.0,0.16106988978627448,False,CDS,thiamine-phosphate kinase,330,,0.0,10,10,46.9,"10809:0.7, 14415:0.6, 616:1.0, 14451:0.6, 11215:0.6, 7335:0.6, 9558:0.6, 14410:1.0",0,0,0,0,0,0,0,1,1,1,1,1,1,1,1,0,0,0,0,0,0,0,0,0,0,0,0,0,0,0,1,0,0,0,0,0,0,0,0,0,0,0,0,0,0,0,0,0,0,1,0,0,0,0,0,0,0,0,0,0,0,0,0,0,0,0,0,0,0,0,0,0,0,0,,,,,,,,g0008.c0003.00532,g0009.c0031.01833,g0010.c0072.02604,g0011.c0030.01375,g0012.c0023.01425,g0013.c0017.01133,g0014.c0024.01401,g0015.c0264.02468,,,,,,,,,,,,,,,,g0031.c0008.00611,,,,,,,,,,,,,,,,,,,g0057.c0007.00687,,,,,,,,,,,,,,,,,,,,,,,,
5904,pmsf_5904_MSA_trimmed.ufboot.ale.uml_rec,5.7894736842105265,0.0014458610574964463,331.0,0.03443857576224164,True,3.630856225855113,0.0015146781472707598,76.0,0.15712792780371934,False,CDS,thioredoxin family protein,204,1.0,1.0,10,10,72.6,"2008:0.7, 10185:0.6, 10551:0.6, 3397:0.6, 13343:1.0, 5937:1.0",0,0,0,0,0,0,0,0,1,1,1,1,1,1,1,0,1,0,0,0,0,0,0,0,0,0,0,0,1,0,0,0,0,0,0,0,0,1,0,0,0,0,0,0,0,0,0,0,0,0,0,0,0,0,0,0,0,0,0,0,0,0,0,0,0,0,0,0,0,0,0,0,0,0,,,,,,,,,g0009.c0001.00159,g0010.c0030.01625,g0011.c0003.00303,g0012.c0036.01892,g0013.c0001.00122,g0014.c0040.01959,g0015.c0063.01043,,g0017.c0057.02112,,,,,,,,,,,,g0029.c0011.00992,,,,,,,,,g0038.c0002.00711,,,,,,,,,,,,,,,,,,,,,,,,,,,,,,,,,,,,
6238,pmsf_6238_MSA_trimmed.ufboot.ale.uml_rec,6.4,0.001698739283845007,344.0,0.038932734051843124,True,3.5181321002059867,0.0026730665635920146,246.0,0.0856685235258514,False,CDS,"NADH oxidoreductase (quinone) subunit F [Respiration, Complex I|NADH:ubiquinone oxidoreductase, NADH-binding 51 kD subunit, NuoF] [Carbon Cycle, Formate Oxidation|Formate dehydrogenase iron-sulfur subunit FdoH/FdsB]",438,0.0,,9,9,84.0,"10803:1.0, 12185:0.9, 12905:0.8, 10431:0.8, 8494:0.9, 8912:0.7, 829:0.7, 4554:0.7",0,0,0,0,0,0,0,0,1,1,1,0,1,1,1,0,1,0,0,0,0,0,0,0,0,0,0,0,1,0,0,0,0,0,0,0,0,0,0,0,1,0,0,0,0,0,0,0,0,0,0,0,0,0,0,0,0,0,0,0,0,0,0,0,0,0,0,0,0,0,0,0,0,0,,,,,,,,,g0009.c0031.01859,g0010.c0037.01840,g0011.c0073.02402,,g0013.c0017.01159,g0014.c0044.02082,g0015.c0139.01739,,g0017.c0183.03872,,,,,,,,,,,,g0029.c0016.01242,,,,,,,,,,,,g0041.c0054.04289,,,,,,,,,,,,,,,,,,,,,,,,,,,,,,,,,
6383,pmsf_6383_MSA_trimmed.ufboot.ale.uml_rec,7.6,0.0018124597923523925,353.0,0.04047998017820471,True,2.4599664877808953,0.004835389338861413,456.0,0.08360133672715654,False,CDS,S8 family serine peptidase,552,7.0,1.0,6,6,55.4,3488:1.0,0,0,0,0,0,0,0,0,0,1,1,1,1,1,1,0,0,0,0,0,0,0,0,0,0,0,0,0,0,0,0,0,0,0,0,0,0,0,0,0,0,0,0,0,0,0,0,0,0,0,0,0,0,0,0,0,0,0,0,0,0,0,0,0,0,0,0,0,0,0,0,0,0,0,,,,,,,,,,g0010.c0074.02626,g0011.c0239.03929,g0012.c0144.03343,g0013.c0250.03828,g0014.c0053.02330,g0015.c0144.01778,,,,,,,,,,,,,,,,,,,,,,,,,,,,,,,,,,,,,,,,,,,,,,,,,,,,,,,,,,,
6484,pmsf_6484_MSA_trimmed.ufboot.ale.uml_rec,5.276018099547511,0.0008769340941445918,309.0,0.022374590285553275,True,3.3018606995899304,0.002040580284284893,165.0,0.09750263612910362,False,CDS,hypothetical protein H8E24_10155,174,8.0,6.0,13,13,51.5,"7415:1.0, 3738:0.9, 2112:1.0, 5332:1.0, 7097:0.7, 169:0.7, 13045:0.7",0,0,0,0,0,0,0,0,1,1,1,1,1,1,1,0,0,0,0,0,0,1,0,0,0,1,0,0,0,0,0,0,0,0,0,0,0,0,0,1,0,0,0,0,0,0,0,1,1,0,0,0,0,0,0,0,0,0,0,0,0,0,0,0,0,0,0,0,1,0,0,0,0,0,,,,,,,,,g0009.c0028.01726,g0010.c0058.02330,g0011.c0053.02001,g0012.c0056.02399,g0013.c0021.01303,g0014.c0056.02387,g0015.c0230.02297,,,,,,,g0022.c0005.00927,,,,g0026.c0071.02429,,,,,,,,,,,,,,g0040.c0042.03585,,,,,,,,g0055.c0042.00859,g0056.c0074.02623,,,,,,,,,,,,,,,,,,,,g990077.c0002.01131,,,,,
6488,pmsf_6488_MSA_trimmed.ufboot.ale.uml_rec,7.6,0.0018124597923523925,353.0,0.04047998017820471,True,2.446220811605883,0.004995459346808152,462.0,0.08524718937280407,False,CDS,,229,7.0,2.0,6,6,53.1,"417:1.0, 8125:0.6, 13205:1.0",0,0,0,0,0,0,0,0,0,1,1,1,1,1,1,0,0,0,0,0,0,0,0,0,0,0,0,0,0,0,0,0,0,0,0,0,0,0,0,0,0,0,0,0,0,0,0,0,0,0,0,0,0,0,0,0,0,0,0,0,0,0,0,0,0,0,0,0,0,0,0,0,0,0,,,,,,,,,,g0010.c0031.01694,g0011.c0030.01386,g0012.c0048.02235,g0013.c0017.01122,g0014.c0050.02250,g0015.c0098.01400,,,,,,,,,,,,,,,,,,,,,,,,,,,,,,,,,,,,,,,,,,,,,,,,,,,,,,,,,,,
6720,pmsf_6720_MSA_trimmed.ufboot.ale.uml_rec,6.4,0.001698739283845007,344.0,0.038932734051843124,True,1.8338466110455252,0.008842410649575852,714.0,0.09763804700456025,False,CDS,GreA/GreB family elongation factor,145,6.0,,7,9,50.6,"579:1.0, 9568:1.0, 13930:1.0, 5737:1.0, 40:1.0",0,0,0,0,0,0,0,0,0,2,0,2,1,1,1,0,0,0,0,0,0,0,0,0,0,0,0,0,1,0,1,0,0,0,0,0,0,0,0,0,0,0,0,0,0,0,0,0,0,0,0,0,0,0,0,0,0,0,0,0,0,0,0,0,0,0,0,0,0,0,0,0,0,0,,,,,,,,,,"g0010.c0008.00725,g0010.c0052.02221",,"g0012.c0068.02600,g0012.c0162.03427",g0013.c0146.03337,g0014.c0051.02293,g0015.c0001.00055,,,,,,,,,,,,,,g0029.c0010.00961,,g0031.c0038.01905,,,,,,,,,,,,,,,,,,,,,,,,,,,,,,,,,,,,,,,,,,,
6810,pmsf_6810_MSA_trimmed.ufboot.ale.uml_rec,9.583333333333334,0.0008712553484118544,301.0,0.022820522149099867,True,5.251789951016887,0.0009608441729842811,46.0,0.16468033608278418,False,CDS,hypothetical protein GC138_03250,240,4.0,2.0,5,5,73.6,"10110:0.6, 658:0.6",0,0,0,0,0,0,0,0,0,0,0,1,1,0,1,0,1,0,0,0,0,0,0,0,0,0,1,0,0,0,0,0,0,0,0,0,0,0,0,0,0,0,0,0,0,0,0,0,0,0,0,0,0,0,0,0,0,0,0,0,0,0,0,0,0,0,0,0,0,0,0,0,0,0,,,,,,,,,,,,g0012.c0038.01960,g0013.c0061.02354,,g0015.c0037.00732,,g0017.c0067.02348,,,,,,,,,,g0027.c0013.00942,,,,,,,,,,,,,,,,,,,,,,,,,,,,,,,,,,,,,,,,,,,,,,,
6865,pmsf_6865_MSA_trimmed.ufboot.ale.uml_rec,5.7894736842105265,0.0014458610574964463,331.0,0.03443857576224164,True,2.199794379638432,0.00427234355074318,417.0,0.08077495576513005,False,CDS,prepilin-type N-terminal cleavage/methylation domain-containing protein,247,7.0,8.0,8,8,54.9,"6582:0.9, 8533:0.9, 10574:0.8, 214:0.9, 12231:0.8, 5755:0.8, 2689:0.8, 11447:1.0",0,0,0,0,0,0,0,0,1,1,1,1,1,1,1,0,1,0,0,0,0,0,0,0,0,0,0,0,0,0,0,0,0,0,0,0,0,0,0,0,0,0,0,0,0,0,0,0,0,0,0,0,0,0,0,0,0,0,0,0,0,0,0,0,0,0,0,0,0,0,0,0,0,0,,,,,,,,,g0009.c0003.00362,g0010.c0001.00142,g0011.c0020.01021,g0012.c0001.00167,g0013.c0002.00232,g0014.c0001.00162,g0015.c0023.00499,,g0017.c0146.03527,,,,,,,,,,,,,,,,,,,,,,,,,,,,,,,,,,,,,,,,,,,,,,,,,,,,,,,,,
7034,pmsf_7034_MSA_trimmed.ufboot.ale.uml_rec,7.6,0.0018124597923523925,353.0,0.04047998017820471,True,2.464075762567519,0.004892821489725885,458.0,0.08422490092794514,False,CDS,tetratricopeptide repeat protein,970,4.0,1.0,6,6,75.9,"12872:1.0, 14447:0.8, 2293:0.8, 1014:0.7, 13200:1.0",0,0,0,0,0,0,0,0,0,1,1,1,1,1,1,0,0,0,0,0,0,0,0,0,0,0,0,0,0,0,0,0,0,0,0,0,0,0,0,0,0,0,0,0,0,0,0,0,0,0,0,0,0,0,0,0,0,0,0,0,0,0,0,0,0,0,0,0,0,0,0,0,0,0,,,,,,,,,,g0010.c0061.02378,g0011.c0045.01775,g0012.c0021.01322,g0013.c0168.03479,g0014.c0020.01227,g0015.c0022.00497,,,,,,,,,,,,,,,,,,,,,,,,,,,,,,,,,,,,,,,,,,,,,,,,,,,,,,,,,,,
7094,pmsf_7094_MSA_trimmed.ufboot.ale.uml_rec,7.6,0.0018124597923523925,353.0,0.04047998017820471,True,2.4638875486299474,0.004848587459892168,457.0,0.08364609088356642,False,CDS,lasso peptide biosynthesis B2 protein,144,,,6,6,60.9,"3905:1.0, 3318:1.0",0,0,0,0,0,0,0,0,1,1,1,1,1,0,1,0,0,0,0,0,0,0,0,0,0,0,0,0,0,0,0,0,0,0,0,0,0,0,0,0,0,0,0,0,0,0,0,0,0,0,0,0,0,0,0,0,0,0,0,0,0,0,0,0,0,0,0,0,0,0,0,0,0,0,,,,,,,,,g0009.c0017.01244,g0010.c0045.02069,g0011.c0089.02687,g0012.c0028.01593,g0013.c0044.02012,,g0015.c0168.01930,,,,,,,,,,,,,,,,,,,,,,,,,,,,,,,,,,,,,,,,,,,,,,,,,,,,,,,,,,,
7354,pmsf_7354_MSA_trimmed.ufboot.ale.uml_rec,7.533333333333333,0.0009125960979751276,312.0,0.02306060139883303,True,3.792597173386489,0.0014802102065134281,72.0,0.1620830176132204,False,CDS,sulfatase,492,5.0,4.0,8,8,52.9,"10050:0.8, 3492:0.6, 1327:1.0, 14149:1.0, 1903:1.0, 3176:1.0, 814:1.0, 1833:1.0, 2399:0.7",0,0,0,0,0,0,0,0,1,1,1,1,1,1,1,0,0,0,0,0,0,0,0,0,0,0,0,0,0,0,0,0,0,0,0,0,0,0,0,0,0,0,0,0,0,0,0,0,0,0,0,0,0,0,0,0,0,0,0,0,0,0,0,0,0,0,0,0,0,0,1,0,0,0,,,,,,,,,g0009.c0004.00412,g0010.c0002.00203,g0011.c0036.01548,g0012.c0030.01698,g0013.c0003.00322,g0014.c0003.00312,g0015.c0364.02886,,,,,,,,,,,,,,,,,,,,,,,,,,,,,,,,,,,,,,,,,,,,,,,,,,,,,,,,g990079.c0109.09729,,,
7608,pmsf_7608_MSA_trimmed.ufboot.ale.uml_rec,7.6,0.0018124597923523925,353.0,0.04047998017820471,True,2.4500993051491076,0.005014424538517698,465.0,0.0850187592724162,False,CDS,hypothetical protein FJ291_34455,91,1.0,,6,6,77.1,"2092:1.0, 6042:1.0, 10794:1.0, 429:1.0, 3439:1.0",0,0,0,0,0,0,0,0,1,1,1,1,0,1,1,0,0,0,0,0,0,0,0,0,0,0,0,0,0,0,0,0,0,0,0,0,0,0,0,0,0,0,0,0,0,0,0,0,0,0,0,0,0,0,0,0,0,0,0,0,0,0,0,0,0,0,0,0,0,0,0,0,0,0,,,,,,,,,g0009.c0045.02239,g0010.c0136.03293,g0011.c0230.03891,g0012.c0126.03230,,g0014.c0125.03191,g0015.c0134.01695,,,,,,,,,,,,,,,,,,,,,,,,,,,,,,,,,,,,,,,,,,,,,,,,,,,,,,,,,,,
7610,pmsf_7610_MSA_trimmed.ufboot.ale.uml_rec,7.533333333333333,0.0009125960979751276,312.0,0.02306060139883303,True,3.7906942812797126,0.0015064264683248097,75.0,0.158355550350304,False,CDS,DUF192 domain-containing protein,172,8.0,8.0,8,8,71.8,"10263:0.8, 5003:0.8, 3905:1.0, 3318:1.0, 1236:0.6, 9378:1.0, 8308:1.0, 3910:1.0",0,0,0,0,0,0,0,0,1,1,1,1,1,1,1,0,0,0,0,0,0,0,0,0,0,0,0,0,0,0,0,0,0,0,0,0,0,0,0,1,0,0,0,0,0,0,0,0,0,0,0,0,0,0,0,0,0,0,0,0,0,0,0,0,0,0,0,0,0,0,0,0,0,0,,,,,,,,,g0009.c0017.01252,g0010.c0004.00468,g0011.c0089.02679,g0012.c0002.00296,g0013.c0044.02020,g0014.c0070.02651,g0015.c0007.00197,,,,,,,,,,,,,,,,,,,,,,,,,g0040.c0025.02889,,,,,,,,,,,,,,,,,,,,,,,,,,,,,,,,,,
7937,pmsf_7937_MSA_trimmed.ufboot.ale.uml_rec,7.533333333333333,0.0009125960979751276,312.0,0.02306060139883303,True,3.792840923117183,0.0014555371036570868,70.0,0.16393506464617816,False,CDS,UTP--glucose-1-phosphate uridylyltransferase,294,0.0,3.0,8,8,59.3,"4245:1.0, 5332:1.0, 3432:1.0, 2388:1.0, 14443:1.0",0,0,0,0,0,0,0,0,1,1,1,1,1,1,1,0,0,0,0,0,0,0,0,0,0,0,0,0,0,0,1,0,0,0,0,0,0,0,0,0,0,0,0,0,0,0,0,0,0,0,0,0,0,0,0,0,0,0,0,0,0,0,0,0,0,0,0,0,0,0,0,0,0,0,,,,,,,,,g0009.c0028.01738,g0010.c0075.02648,g0011.c0053.02012,g0012.c0071.02667,g0013.c0021.01291,g0014.c0072.02679,g0015.c0366.02894,,,,,,,,,,,,,,,,g0031.c0076.02840,,,,,,,,,,,,,,,,,,,,,,,,,,,,,,,,,,,,,,,,,,,
8131,pmsf_8131_MSA_trimmed.ufboot.ale.uml_rec,10.545454545454545,0.0016255716947161942,341.0,0.03758359894763189,True,4.087949771348389,0.0021010573951538553,166.0,0.09978756929754817,False,CDS,DUF4175 family protein,1035,0.0,4.0,5,5,78.6,"6295:1.0, 8065:1.0, 11128:1.0, 4709:1.0, 93:1.0, 11391:1.0",0,0,0,0,0,0,0,0,1,1,0,1,1,1,0,0,0,0,0,0,0,0,0,0,0,0,0,0,0,0,0,0,0,0,0,0,0,0,0,0,0,0,0,0,0,0,0,0,0,0,0,0,0,0,0,0,0,0,0,0,0,0,0,0,0,0,0,0,0,0,0,0,0,0,,,,,,,,,g0009.c0079.02850,g0010.c0068.02535,,g0012.c0072.02675,g0013.c0109.02999,g0014.c0073.02687,,,,,,,,,,,,,,,,,,,,,,,,,,,,,,,,,,,,,,,,,,,,,,,,,,,,,,,,,,,,
817,pmsf_817_MSA_trimmed.ufboot.ale.uml_rec,7.6,0.0018124597923523925,353.0,0.04047998017820471,True,3.7499999999907985,0.0024575076105388676,177.0,0.10946322034739227,False,CDS,exosortase/archaeosortase family protein,296,4.0,7.0,6,6,77.9,"12712:1.0, 6803:0.8, 11317:0.7, 12541:0.7, 11646:0.7, 4658:0.7",0,0,0,0,0,0,0,0,1,1,1,1,0,1,1,0,0,0,0,0,0,0,0,0,0,0,0,0,0,0,0,0,0,0,0,0,0,0,0,0,0,0,0,0,0,0,0,0,0,0,0,0,0,0,0,0,0,0,0,0,0,0,0,0,0,0,0,0,0,0,0,0,0,0,,,,,,,,,g0009.c0095.03089,g0010.c0004.00443,g0011.c0224.03866,g0012.c0010.00812,,g0014.c0009.00696,g0015.c0033.00654,,,,,,,,,,,,,,,,,,,,,,,,,,,,,,,,,,,,,,,,,,,,,,,,,,,,,,,,,,,
8215,pmsf_8215_MSA_trimmed.ufboot.ale.uml_rec,7.6,0.0018124597923523925,353.0,0.04047998017820471,True,2.451610850366047,0.004937963977688385,461.0,0.08444882429521741,False,CDS,hypothetical protein CML13_03820,186,7.0,0.0,6,6,56.0,"10778:1.0, 10001:1.0",0,0,0,0,0,0,0,0,1,1,1,1,0,1,1,0,0,0,0,0,0,0,0,0,0,0,0,0,0,0,0,0,0,0,0,0,0,0,0,0,0,0,0,0,0,0,0,0,0,0,0,0,0,0,0,0,0,0,0,0,0,0,0,0,0,0,0,0,0,0,0,0,0,0,,,,,,,,,g0009.c0010.00883,g0010.c0015.01058,g0011.c0046.01825,g0012.c0018.01191,,g0014.c0016.01048,g0015.c0049.00897,,,,,,,,,,,,,,,,,,,,,,,,,,,,,,,,,,,,,,,,,,,,,,,,,,,,,,,,,,,
821,pmsf_821_MSA_trimmed.ufboot.ale.uml_rec,5.7894736842105265,0.0014458610574964463,331.0,0.03443857576224164,True,2.0851652571702304,0.0027444047890253674,275.0,0.07867959038791271,False,CDS,cupin,162,1.0,2.0,8,11,75.1,"1346:1.0, 6058:1.0, 5600:1.0, 4132:1.0, 5966:1.0, 9388:1.0, 12123:1.0, 6270:1.0, 518:1.0, 1839:0.8, 4071:1.0",0,0,0,0,0,0,0,0,2,1,2,1,2,1,1,0,1,0,0,0,0,0,0,0,0,0,0,0,0,0,0,0,0,0,0,0,0,0,0,0,0,0,0,0,0,0,0,0,0,0,0,0,0,0,0,0,0,0,0,0,0,0,0,0,0,0,0,0,0,0,0,0,0,0,,,,,,,,,"g0009.c0032.01877,g0009.c0071.02733",g0010.c0008.00718,"g0011.c0083.02568,g0011.c0126.03204",g0012.c0068.02607,"g0013.c0059.02323,g0013.c0116.03081",g0014.c0051.02286,g0015.c0016.00374,,g0017.c0128.03331,,,,,,,,,,,,,,,,,,,,,,,,,,,,,,,,,,,,,,,,,,,,,,,,,,,,,,,,,
830,pmsf_830_MSA_trimmed.ufboot.ale.uml_rec,5.276018099547511,0.0008769340941445918,309.0,0.022374590285553275,True,2.131174162716373,0.0013642398542679823,67.0,0.16053234344848913,False,CDS,RNA polymerase sigma factor,181,8.0,6.0,13,19,65.6,"658:0.5, 10110:1.0, 6249:1.0, 1347:1.0, 5601:1.0, 4133:1.0, 9391:1.0, 2640:1.0, 1851:1.0, 13999:1.0, 6014:1.0, 10878:0.8, 2082:0.8, 12898:1.0, 6858:1.0, 13784:0.8, 7230:0.6, 11618:0.6, 13470:1.0, 9992:0.7, 2328:0.7, 8710:0.7",0,0,0,0,0,0,0,0,2,2,2,2,2,2,1,0,1,0,0,0,0,0,0,0,0,0,0,0,1,1,1,0,0,0,1,1,0,0,0,0,0,0,0,0,0,0,0,0,0,0,0,0,0,0,0,0,0,0,0,0,0,0,0,0,0,0,0,0,0,0,0,0,0,0,,,,,,,,,"g0009.c0006.00617,g0009.c0106.03226","g0010.c0039.01912,g0010.c0090.02883","g0011.c0047.01836,g0011.c0103.02911","g0012.c0038.01966,g0012.c0077.02751","g0013.c0061.02361,g0013.c0135.03255","g0014.c0047.02167,g0014.c0065.02557",g0015.c0037.00727,,g0017.c0067.02359,,,,,,,,,,,,g0029.c0041.02151,g0030.c0151.03156,g0031.c0019.01149,,,,g0035.c0034.01673,g0036.c0017.00724,,,,,,,,,,,,,,,,,,,,,,,,,,,,,,,,,,,,,,
861,pmsf_861_MSA_trimmed.ufboot.ale.uml_rec,7.533333333333333,0.0009125960979751276,312.0,0.02306060139883303,True,2.470976585912069,0.0031151626673175054,325.0,0.07556905375117295,False,CDS,aldo/keto reductase,316,0.0,3.0,8,8,83.9,"7030:1.0, 14002:1.0, 6480:1.0, 9379:1.0, 6237:1.0, 6265:1.0, 4124:1.0",0,0,0,0,0,0,0,0,1,1,1,1,1,1,1,0,0,0,0,0,0,0,0,0,0,0,0,0,0,0,0,0,0,0,0,0,0,0,0,0,0,1,0,0,0,0,0,0,0,0,0,0,0,0,0,0,0,0,0,0,0,0,0,0,0,0,0,0,0,0,0,0,0,0,,,,,,,,,g0009.c0019.01362,g0010.c0013.00941,g0011.c0013.00782,g0012.c0014.00973,g0013.c0028.01549,g0014.c0011.00785,g0015.c0035.00694,,,,,,,,,,,,,,,,,,,,,,,,,,,g0042.c0002.02133,,,,,,,,,,,,,,,,,,,,,,,,,,,,,,,,
8653,pmsf_8653_MSA_trimmed.ufboot.ale.uml_rec,7.6,0.0018124597923523925,353.0,0.04047998017820471,True,3.7773730393405445,0.0024352781537023494,173.0,0.11098111539762615,False,CDS,Glu/Leu/Phe/Val dehydrogenase,436,1.0,5.0,7,7,78.8,"7285:0.7, 14374:0.7, 4133:0.7, 5601:0.7, 6858:0.7, 2328:0.7",0,0,0,0,0,0,0,1,0,1,1,1,1,1,0,0,1,0,0,0,0,0,0,0,0,0,0,0,0,0,0,0,0,0,0,0,0,0,0,0,0,0,0,0,0,0,0,0,0,0,0,0,0,0,0,0,0,0,0,0,0,0,0,0,0,0,0,0,0,0,0,0,0,0,,,,,,,,g0008.c0043.03013,,g0010.c0147.03365,g0011.c0047.01832,g0012.c0077.02757,g0013.c0061.02358,g0014.c0065.02551,,,g0017.c0095.02854,,,,,,,,,,,,,,,,,,,,,,,,,,,,,,,,,,,,,,,,,,,,,,,,,,,,,,,,,
8682,pmsf_8682_MSA_trimmed.ufboot.ale.uml_rec,6.572368421052632,0.0008299446804461293,297.0,0.022031258790024526,True,3.62229102166551,0.0014687795280772084,71.0,0.1630965887233903,False,CDS,MAG: TrkH family potassium uptake protein,491,0.0,8.0,8,8,58.3,"10159:0.9, 12005:0.6, 5155:0.6, 766:0.6",0,0,0,0,0,0,0,0,1,0,1,1,1,1,1,0,0,0,0,0,0,0,0,0,0,0,0,0,0,0,0,0,0,0,1,1,0,0,0,0,0,0,0,0,0,0,0,0,0,0,0,0,0,0,0,0,0,0,0,0,0,0,0,0,0,0,0,0,0,0,0,0,0,0,,,,,,,,,g0009.c0006.00599,,g0011.c0047.01854,g0012.c0003.00333,g0013.c0079.02644,g0014.c0030.01634,g0015.c0125.01626,,,,,,,,,,,,,,,,,,,,g0035.c0018.01093,g0036.c0138.03146,,,,,,,,,,,,,,,,,,,,,,,,,,,,,,,,,,,,,,
8912,pmsf_8912_MSA_trimmed.ufboot.ale.uml_rec,6.4,0.001698739283845007,344.0,0.038932734051843124,True,3.5082983521605837,0.0027702304195879103,284.0,0.07690315714095451,False,CDS,"MAG: NADH-quinone oxidoreductase subunit J [Respiration, Complex I|NADH:ubiquinone oxidoreductase subunit 6, NuoJ|0.3]",186,3.0,0.0,9,9,56.4,"7113:1.0, 9363:1.0, 2456:0.9, 2079:0.9, 12905:0.9, 10431:0.9, 12185:0.8, 6238:0.7",0,0,0,0,0,0,0,0,1,1,1,1,1,1,1,0,0,0,0,0,0,0,0,0,0,0,0,0,1,0,0,0,0,0,0,0,0,0,0,0,1,0,0,0,0,0,0,0,0,0,0,0,0,0,0,0,0,0,0,0,0,0,0,0,0,0,0,0,0,0,0,0,0,0,,,,,,,,,g0009.c0031.01855,g0010.c0037.01836,g0011.c0030.01352,g0012.c0073.02688,g0013.c0017.01155,g0014.c0044.02078,g0015.c0032.00633,,,,,,,,,,,,,,g0029.c0016.01238,,,,,,,,,,,,g0041.c0054.04293,,,,,,,,,,,,,,,,,,,,,,,,,,,,,,,,,
9030,pmsf_9030_MSA_trimmed.ufboot.ale.uml_rec,7.533333333333333,0.0009125960979751276,312.0,0.02306060139883303,True,2.4723537309042314,0.0032190538416164817,335.0,0.07575827011135625,False,CDS,D-tyrosyl-tRNA(Tyr) deacylase,151,2.0,7.0,8,8,74.2,"13167:1.0, 4162:0.8, 5066:0.8, 4074:0.9, 11721:1.0",0,0,0,0,0,0,0,0,1,1,1,1,1,1,1,0,0,0,0,0,0,0,0,0,0,0,0,0,0,0,0,0,0,0,0,0,0,0,0,0,0,0,0,0,0,0,0,0,0,0,0,0,0,0,0,0,0,0,0,0,0,1,0,0,0,0,0,0,0,0,0,0,0,0,,,,,,,,,g0009.c0006.00576,g0010.c0012.00926,g0011.c0099.02857,g0012.c0015.01060,g0013.c0031.01638,g0014.c0013.00894,g0015.c0002.00074,,,,,,,,,,,,,,,,,,,,,,,,,,,,,,,,,,,,,,,,,,,,,,,g990070.c0004.00499,,,,,,,,,,,,
9034,pmsf_9034_MSA_trimmed.ufboot.ale.uml_rec,7.6,0.0018124597923523925,353.0,0.04047998017820471,True,2.4604663604520147,0.004918876652996842,460.0,0.0843052685483198,False,CDS,LysM peptidoglycan-binding domain-containing protein,253,1.0,8.0,6,6,80.6,"2483:1.0, 825:1.0, 11:1.0, 5649:1.0, 11620:1.0, 583:1.0, 165:1.0, 13523:1.0",0,0,0,0,0,0,0,0,0,1,1,1,1,1,1,0,0,0,0,0,0,0,0,0,0,0,0,0,0,0,0,0,0,0,0,0,0,0,0,0,0,0,0,0,0,0,0,0,0,0,0,0,0,0,0,0,0,0,0,0,0,0,0,0,0,0,0,0,0,0,0,0,0,0,,,,,,,,,,g0010.c0017.01158,g0011.c0016.00881,g0012.c0016.01099,g0013.c0039.01865,g0014.c0022.01296,g0015.c0058.00987,,,,,,,,,,,,,,,,,,,,,,,,,,,,,,,,,,,,,,,,,,,,,,,,,,,,,,,,,,,
9042,pmsf_9042_MSA_trimmed.ufboot.ale.uml_rec,5.454545454545454,0.0011539940508714845,326.0,0.02790824876402081,True,3.325837117190721,0.0022605326430973714,169.0,0.10545585419041228,False,CDS,pH regulation protein F,94,4.0,5.0,12,12,72.1,"10300:1.0, 10250:0.8, 1501:0.8, 1850:0.9, 9634:1.0, 3132:1.0, 13526:0.6, 10786:0.8, 416:1.0",0,0,0,0,0,0,0,0,1,1,1,1,1,1,1,0,1,0,0,0,0,0,0,0,0,0,0,0,0,1,1,0,0,0,1,1,0,0,0,0,0,0,0,0,0,0,0,0,0,0,0,0,0,0,0,0,0,0,0,0,0,0,0,0,0,0,0,0,0,0,0,0,0,0,,,,,,,,,g0009.c0057.02505,g0010.c0038.01880,g0011.c0085.02608,g0012.c0045.02162,g0013.c0062.02386,g0014.c0046.02150,g0015.c0181.02019,,g0017.c0221.04088,,,,,,,,,,,,,g0030.c0178.03417,g0031.c0020.01204,,,,g0035.c0087.02771,g0036.c0026.01084,,,,,,,,,,,,,,,,,,,,,,,,,,,,,,,,,,,,,,
9334,pmsf_9334_MSA_trimmed.ufboot.ale.uml_rec,5.2,0.0006392612545457485,295.0,0.017084527901148075,True,3.336072252604402,0.0016818963613331296,146.0,0.09082240351198899,False,CDS,methyltransferase domain-containing protein,379,1.0,2.0,15,15,56.6,"8936:0.6, 5061:0.8, 1829:1.0, 7044:0.7, 14440:0.7",0,0,0,1,1,0,0,0,1,0,1,1,1,1,1,0,1,1,0,0,0,0,0,0,1,0,1,0,0,1,0,0,0,0,0,1,0,0,0,0,0,0,0,0,0,0,0,0,0,0,0,0,0,0,1,0,0,0,0,0,0,0,0,0,0,0,0,0,0,0,0,0,0,0,,,,g0003.c0000.03194,g0004.c0179.08384,,,,g0009.c0131.03462,,g0011.c0127.03214,g0012.c0123.03219,g0013.c0149.03359,g0014.c0116.03145,g0015.c0273.02515,,g0017.c0067.02349,g0018.c0000.04814,,,,,,,g0025.c0259.03619,,g0027.c0013.00937,,,g0030.c0099.02528,,,,,,g0036.c0152.03257,,,,,,,,,,,,,,,,,,,g0063.c0005.00449,,,,,,,,,,,,,,,,,,,
9363,pmsf_9363_MSA_trimmed.ufboot.ale.uml_rec,6.4,0.001698739283845007,344.0,0.038932734051843124,True,3.4802956167308015,0.003289296185280668,340.0,0.07627297389633172,False,CDS,"MAG: NADH-quinone oxidoreductase subunit NuoK [Respiration, Complex I|NADH:ubiquinone oxidoreductase subunit 11 or 4L, NuoK|0.3]",102,0.0,1.0,9,9,88.4,"7113:1.0, 8912:1.0, 4387:0.9, 2456:0.9, 2079:0.9, 12905:0.9, 10431:0.9, 12185:0.8",0,0,0,0,0,0,0,0,1,1,1,1,1,1,1,0,0,0,0,0,0,0,0,0,0,0,0,0,1,0,0,0,0,0,0,0,0,0,0,0,1,0,0,0,0,0,0,0,0,0,0,0,0,0,0,0,0,0,0,0,0,0,0,0,0,0,0,0,0,0,0,0,0,0,,,,,,,,,g0009.c0031.01854,g0010.c0037.01835,g0011.c0030.01353,g0012.c0073.02687,g0013.c0017.01154,g0014.c0044.02077,g0015.c0032.00634,,,,,,,,,,,,,,g0029.c0016.01237,,,,,,,,,,,,g0041.c0054.04294,,,,,,,,,,,,,,,,,,,,,,,,,,,,,,,,,
942,pmsf_942_MSA_trimmed.ufboot.ale.uml_rec,5.7894736842105265,0.0014458610574964463,331.0,0.03443857576224164,True,3.394736842100759,0.0025240288919804537,182.0,0.10933760321084558,False,CDS,glutamate--cysteine ligase,426,6.0,7.0,8,8,54.7,"12392:1.0, 13114:0.9, 6801:0.8, 6770:0.6, 970:1.0, 11550:1.0, 12539:0.7",0,0,0,0,0,0,0,0,1,0,1,1,1,1,1,0,1,0,0,0,0,0,0,0,0,0,0,0,0,0,0,0,0,0,0,0,0,0,0,0,0,0,0,0,0,0,0,0,0,0,0,0,0,0,0,1,0,0,0,0,0,0,0,0,0,0,0,0,0,0,0,0,0,0,,,,,,,,,g0009.c0073.02758,,g0011.c0111.03033,g0012.c0003.00317,g0013.c0144.03329,g0014.c0030.01618,g0015.c0030.00611,,g0017.c0134.03394,,,,,,,,,,,,,,,,,,,,,,,,,,,,,,,,,,,,,,,g0064.c0000.03864,,,,,,,,,,,,,,,,,,
9451,pmsf_9451_MSA_trimmed.ufboot.ale.uml_rec,5.7894736842105265,0.0014458610574964463,331.0,0.03443857576224164,True,1.3694419415186911,0.008316006482799086,705.0,0.09299772356083405,False,CDS,MAG: prepilin-type N-terminal cleavage/methylation domain-containing protein,137,1.0,7.0,8,15,69.8,"6864:1.7, 2900:0.6, 1256:0.8, 6165:1.0",0,0,0,0,0,0,0,0,2,2,1,3,1,4,1,0,1,0,0,0,0,0,0,0,0,0,0,0,0,0,0,0,0,0,0,0,0,0,0,0,0,0,0,0,0,0,0,0,0,0,0,0,0,0,0,0,0,0,0,0,0,0,0,0,0,0,0,0,0,0,0,0,0,0,,,,,,,,,"g0009.c0143.03565,g0009.c0143.03566","g0010.c0036.01801,g0010.c0149.03373",g0011.c0181.03659,"g0012.c0026.01535,g0012.c0113.03130,g0012.c0113.03131",g0013.c0038.01827,"g0014.c0026.01481,g0014.c0074.02711,g0014.c0120.03169,g0014.c0120.03170",g0015.c0244.02370,,g0017.c0120.03245,,,,,,,,,,,,,,,,,,,,,,,,,,,,,,,,,,,,,,,,,,,,,,,,,,,,,,,,,
9499,pmsf_9499_MSA_trimmed.ufboot.ale.uml_rec,5.7894736842105265,0.0014458610574964463,331.0,0.03443857576224164,True,2.214109334464072,0.004276802395537894,418.0,0.08066581360387741,False,CDS,MBL fold metallo-hydrolase,339,2.0,1.0,9,9,65.2,"9119:0.8, 7174:1.0, 13664:1.0, 173:0.9, 4800:0.7, 2080:0.6, 6469:1.0, 1588:0.8",0,0,0,0,0,0,0,0,1,1,1,1,1,1,1,0,0,0,0,0,0,0,0,0,0,0,0,0,0,1,0,0,0,0,0,1,0,0,0,0,0,0,0,0,0,0,0,0,0,0,0,0,0,0,0,0,0,0,0,0,0,0,0,0,0,0,0,0,0,0,0,0,0,0,,,,,,,,,g0009.c0022.01481,g0010.c0038.01868,g0011.c0062.02186,g0012.c0045.02150,g0013.c0083.02702,g0014.c0046.02138,g0015.c0082.01247,,,,,,,,,,,,,,,g0030.c0001.00107,,,,,,g0036.c0031.01261,,,,,,,,,,,,,,,,,,,,,,,,,,,,,,,,,,,,,,
9647,pmsf_9647_MSA_trimmed.ufboot.ale.uml_rec,5.454545454545454,0.0011539940508714845,326.0,0.02790824876402081,True,3.3968927943060554,0.001843592273977434,158.0,0.09199292081036765,False,CDS,"thiosulfate oxidation carrier complex protein SoxZ [Sulfur Cycle, Thiosulfate Oxidation, Sox complex, Thiosulfate -> Sulfate|Quinoprotein dehydrogenase-associated carrier SoxYZ-like|0.4] [Sulfur Cycle, Thiosulfate Oxidation, Sox complex, Thiosulfate -> Sulfate|Sulfur-oxidizing protein SoxY|0.3] [Sulfur Cycle, Thiosulfate Oxidation, Sox complex, Thiosulfate -> Sulfate|Thiosulfate oxidation carrier protein SoxZ|0.2]",279,,5.0,11,11,59.5,"13307:1.0, 3929:1.0, 13121:1.0, 9012:0.6",0,0,0,0,0,0,0,0,1,1,1,1,1,1,1,0,1,0,0,0,0,0,0,0,0,0,0,0,0,1,0,0,0,0,1,1,0,0,0,0,0,0,0,0,0,0,0,0,0,0,0,0,0,0,0,0,0,0,0,0,0,0,0,0,0,0,0,0,0,0,0,0,0,0,,,,,,,,,g0009.c0094.03074,g0010.c0032.01709,g0011.c0114.03062,g0012.c0039.01995,g0013.c0033.01708,g0014.c0004.00429,g0015.c0117.01558,,g0017.c0008.00545,,,,,,,,,,,,,g0030.c0034.01257,,,,,g0035.c0065.02411,g0036.c0087.02536,,,,,,,,,,,,,,,,,,,,,,,,,,,,,,,,,,,,,,
